{
	"id": "ba21cce5-59aa-588b-32ab-b87b11bbc84b",
	"name": "Slim-API-Local",
	"description": "",
	"order": [],
	"folders": [
		{
			"id": "b65cd4b4-b70c-eada-a5a3-393e10ad5c83",
			"name": "Attachments",
			"description": "",
			"order": [
				"c471d381-21a6-04df-bae1-379c8a37af58",
				"5c94798c-9ba0-c030-df70-d6ff590a3972",
				"f37b50a7-94be-f3d4-e603-ea5ea7ab0df4"
			],
			"collection_name": "Slim-API-Local",
			"collection_id": "ba21cce5-59aa-588b-32ab-b87b11bbc84b",
			"owner": "46420",
			"collection_owner": "46420",
			"write": true
		},
		{
			"id": "67497b74-0fc0-5a2c-6310-12346d537686",
			"name": "Auth",
			"description": "",
			"order": [
				"5645d78a-0957-e710-ffaa-45d6175f4778",
				"9b84b0a7-6ba3-2f04-0a87-7b434c52cb70"
			],
			"collection_name": "Slim-API-Local",
			"collection_id": "ba21cce5-59aa-588b-32ab-b87b11bbc84b",
			"owner": "46420",
			"collection_owner": "46420",
			"write": true,
			"collectionId": "ba21cce5-59aa-588b-32ab-b87b11bbc84b"
		},
		{
			"id": "3141d1ad-7b48-e8be-045d-b3224f19196b",
			"name": "Contacts",
			"description": "",
			"order": [
				"72671e10-f3f6-b297-d03c-bc871a361d07",
				"f7f6364d-3350-b074-1642-ee35fb49b813",
				"4a43ebb6-deaa-c622-bef7-13d5cbf4f8fb",
				"2cf81764-a56e-3733-3d73-3cf7abb97118"
			],
			"collection_name": "Slim-API-Local",
			"collection_id": "ba21cce5-59aa-588b-32ab-b87b11bbc84b",
			"owner": "46420",
			"collection_owner": "46420",
			"write": true
		},
		{
			"id": "43cd4eb8-35b7-344a-c293-db8cd3af0b98",
			"name": "Labels",
			"description": "",
			"write": true,
			"order": [
				"7fb56b09-9700-ff72-1886-73dbb0d9731d",
				"bb26eec7-36fe-56d5-9ca7-11a5ddff226c",
				"0860e19f-6e9f-4064-2167-95f9902eb106",
				"27a40d6f-2a9a-6dde-f51c-1841755de2a2",
				"74846be5-1a74-3387-1549-298be195b773",
				"c676aedf-546b-b816-34ad-22fbb8584f6f",
				"bcf8328b-edb7-3c89-ba44-b1df9b1031cf"
			],
			"collection_name": "Slim-API-Local",
			"collection_owner": "46420",
			"collection_id": "ba21cce5-59aa-588b-32ab-b87b11bbc84b",
			"collection": "ba21cce5-59aa-588b-32ab-b87b11bbc84b",
			"owner": "46420",
			"collectionId": "ba21cce5-59aa-588b-32ab-b87b11bbc84b"
		},
		{
			"id": "6499940f-5ebb-eb23-e7ac-bdbb0173a67a",
			"name": "Messages",
			"description": "",
			"order": [
				"fc97dfa9-961b-1f22-d5e8-6240f2599345",
				"5cc3564f-c977-32e0-53ad-5055d98b91d3",
				"731f214b-efe6-01fc-0448-877c2075158c",
				"3d610e25-42c9-ac42-22bb-3dbe8532f878",
				"b834a2b3-0d97-4da5-7ea3-116680ab1043",
				"b403674f-2f78-51fc-2f57-37f0b626b7b7",
				"3b483008-e3bf-2348-1798-bd059ca3140a",
				"b1f99de1-6ae0-cae5-8191-8783d1c3b5ab",
				"1a1329cb-2a30-57d7-f53a-1977eb774030",
				"21add21f-4022-f578-5c59-f12a20a98247",
				"7d475b8e-35bc-99c3-66de-b6fd9d8b71b0",
				"a4404419-45ee-3300-fd3d-8c3d35e1d343",
				"38d9d802-6c7f-93ff-6f6b-4ab19cb5e852",
				"75f2e037-8214-9a47-d84b-9cab4efbbcf4",
				"7bba0bda-d5b6-9b76-4b7f-55578a271e3c",
				"b3240806-47dd-512b-b63f-9f6693f749fc",
				"6794267e-1aa3-0ea1-5682-bbe29ee8eb60",
				"8bb59b6e-03b3-b3ad-835a-3e1aef4f7f07",
				"5720401a-bf24-0b1a-15c2-686adf885929",
				"ceaa8f1f-322d-04b6-d802-5e275a2fb419"
			],
			"collection_name": "Slim-API-Local",
			"collection_id": "ba21cce5-59aa-588b-32ab-b87b11bbc84b",
			"owner": "46420",
			"collection_owner": "46420",
			"write": true,
			"collectionId": "ba21cce5-59aa-588b-32ab-b87b11bbc84b"
		},
		{
			"id": "15f6d8ac-27f2-9198-2a4d-63247d1b3ee0",
			"name": "Reset",
			"description": "",
			"write": true,
			"order": [
				"2036d116-e450-33e5-2936-877be43051e5",
				"2323bfe9-35c8-00bc-c794-39cb8e226e82",
				"e7c3f230-7062-58bd-ee21-7097ec65505f"
			],
			"collection_name": "Slim-API-Local",
			"collection_owner": "46420",
			"collection_id": "ba21cce5-59aa-588b-32ab-b87b11bbc84b",
			"collection": "ba21cce5-59aa-588b-32ab-b87b11bbc84b",
			"owner": "46420",
			"collectionId": "ba21cce5-59aa-588b-32ab-b87b11bbc84b"
		},
		{
			"id": "eaa1bc6b-52f6-ddbf-1580-e35474d2c0f4",
			"name": "Settings",
			"description": "",
			"order": [
				"1b2e78f0-9e9a-6371-cc30-f7fb68069acd",
				"59455996-9b03-85ef-1157-623b5c1f2a58",
				"49441842-8c84-7f64-3ba0-81cc9e0f2827",
				"6d920852-1d61-27f8-04a5-27e5c3ad6d4f",
				"d7378d29-18d3-8380-87d4-79451f048d15",
				"ed20e38a-c288-0509-d563-c3ecf21ce5ee",
				"66b60874-761a-dd7f-070f-5f62ca0d79d3",
				"9669581c-ad69-515b-06cf-9d5493f7496a"
			],
			"collection_name": "Slim-API-Local",
			"collection_id": "ba21cce5-59aa-588b-32ab-b87b11bbc84b",
			"owner": "46420",
			"collection_owner": "46420",
			"write": true,
			"collectionId": "ba21cce5-59aa-588b-32ab-b87b11bbc84b"
		},
		{
			"id": "e9062b12-90cb-35ed-522c-65b5d37e3119",
			"name": "Users",
			"description": "",
			"order": [
				"8919e7a6-130b-7075-5583-af3a3e723131",
				"f313ccd5-8465-b9c0-74ec-f8827406c2f2",
				"0c81e153-871a-6729-aec9-2cbfa428857f",
				"89b5b89b-da7c-fc11-3169-3677feba5ee7",
				"66abf0c6-b552-9779-5de0-bfec193b2e27"
			],
			"collection_name": "Slim-API-Local",
			"collection_id": "ba21cce5-59aa-588b-32ab-b87b11bbc84b",
			"owner": "46420",
			"collection_owner": "46420",
			"write": true,
			"collectionId": "ba21cce5-59aa-588b-32ab-b87b11bbc84b"
		}
	],
	"timestamp": 1408913546067,
	"synced": false,
	"owner": "46420",
	"sharedWithTeam": false,
	"subscribed": false,
	"remoteLink": "https://www.getpostman.com/collections/650d95360f578cb521b5",
	"public": false,
	"write": true,
	"requests": [
		{
			"id": "0860e19f-6e9f-4064-2167-95f9902eb106",
			"headers": "Authorization: Bearer 441f2c127e5ee1e24df1beae28ffaae881165b78\nx-pm-uid: c55f4695161791613e9d00b325c65c55416e489a\n",
			"url": "http://127.0.0.1/labels/order",
			"preRequestScript": "",
			"pathVariables": {},
			"method": "PUT",
			"data": [],
			"dataMode": "raw",
			"version": 2,
			"tests": "",
			"currentHelper": "normal",
			"helperAttributes": {},
			"time": 1433382644336,
			"name": "Order Labels",
			"description": "",
			"collectionId": "ba21cce5-59aa-588b-32ab-b87b11bbc84b",
			"synced": false,
			"rawModeData": "{\n    \"Order\" : [3,2,1]\n}"
		},
		{
			"id": "0c81e153-871a-6729-aec9-2cbfa428857f",
			"headers": "Authorization: Bearer 441f2c127e5ee1e24df1beae28ffaae881165b78\nx-pm-uid: c55f4695161791613e9d00b325c65c55416e489a\n",
			"url": "http://127.0.0.1/users/pubkeys/amFzb25AcHJvdG9ubWFpbC5uZXQsZGNsQHByb3Rvbm1haWwubmV0",
			"preRequestScript": "",
			"pathVariables": {},
			"method": "GET",
			"data": [],
			"dataMode": "params",
			"version": 2,
			"tests": "",
			"currentHelper": "normal",
			"helperAttributes": {},
			"time": 1433660469477,
			"name": "Get Public Keys",
			"description": "",
			"collectionId": "ba21cce5-59aa-588b-32ab-b87b11bbc84b",
			"synced": false,
			"owner": "46420",
			"folder": "e9062b12-90cb-35ed-522c-65b5d37e3119",
			"folderId": null,
			"isFromCollection": true,
			"collectionRequestId": "0c81e153-871a-6729-aec9-2cbfa428857f"
		},
		{
			"id": "1a1329cb-2a30-57d7-f53a-1977eb774030",
			"headers": "Authorization: Bearer 441f2c127e5ee1e24df1beae28ffaae881165b78\nx-pm-uid: c55f4695161791613e9d00b325c65c55416e489a\n",
			"url": "http://127.0.0.1/messages/latest/1430161503",
			"preRequestScript": "",
			"pathVariables": {},
			"method": "GET",
			"data": [],
			"dataMode": "params",
			"version": 2,
			"tests": "",
			"currentHelper": "normal",
			"helperAttributes": {},
			"time": 1433432651770,
			"name": "Get Messages Latest",
			"description": "",
			"collectionId": "ba21cce5-59aa-588b-32ab-b87b11bbc84b",
			"write": true,
			"owner": "46420",
			"folder": "6499940f-5ebb-eb23-e7ac-bdbb0173a67a",
			"folderId": null,
			"synced": false,
			"isFromCollection": true,
			"collectionRequestId": "1a1329cb-2a30-57d7-f53a-1977eb774030"
		},
		{
			"id": "1b2e78f0-9e9a-6371-cc30-f7fb68069acd",
			"headers": "Authorization: Bearer 441f2c127e5ee1e24df1beae28ffaae881165b78\nx-pm-uid: c55f4695161791613e9d00b325c65c55416e489a\n",
			"url": "http://127.0.0.1/settings/password",
			"preRequestScript": "",
			"pathVariables": {},
			"method": "PUT",
			"data": [],
			"dataMode": "raw",
			"version": 2,
			"tests": "",
			"currentHelper": "normal",
			"helperAttributes": {},
			"time": 1433663227208,
			"name": "Update Password",
			"description": "",
			"collectionId": "ba21cce5-59aa-588b-32ab-b87b11bbc84b",
			"synced": false,
			"rawModeData": "{\n    \"OldPassword\" : \"jason1\",\n    \"OldHashedPassword\" : \"\",\n    \"NewPassword\" : \"jason\"\n}"
		},
		{
			"id": "2036d116-e450-33e5-2936-877be43051e5",
			"headers": "Authorization: Bearer 441f2c127e5ee1e24df1beae28ffaae881165b78\nx-pm-uid: c55f4695161791613e9d00b325c65c55416e489a\n",
			"url": "http://127.0.0.1/reset/d4da9e8a974665ad966250f84a25c3b4",
			"preRequestScript": "",
			"pathVariables": {},
			"method": "GET",
			"data": [],
			"dataMode": "params",
			"version": 2,
			"tests": "",
			"currentHelper": "normal",
			"helperAttributes": {},
			"time": 1433665367674,
			"name": "Validate Token",
			"description": "",
			"collectionId": "ba21cce5-59aa-588b-32ab-b87b11bbc84b",
			"synced": false
		},
		{
			"id": "21add21f-4022-f578-5c59-f12a20a98247",
			"headers": "Authorization: Bearer 441f2c127e5ee1e24df1beae28ffaae881165b78\nx-pm-uid: c55f4695161791613e9d00b325c65c55416e489a\n",
			"url": "http://127.0.0.1/messages/unread",
			"preRequestScript": "",
			"pathVariables": {},
			"method": "GET",
			"data": [],
			"dataMode": "params",
			"version": 2,
			"tests": "",
			"currentHelper": "normal",
			"helperAttributes": {},
			"time": 1433457814397,
			"name": "Get Messages Unread Grouped",
			"description": "",
			"collectionId": "ba21cce5-59aa-588b-32ab-b87b11bbc84b",
			"write": true,
			"owner": "46420",
			"folder": "6499940f-5ebb-eb23-e7ac-bdbb0173a67a",
			"folderId": null,
			"synced": false,
			"isFromCollection": true,
			"collectionRequestId": "21add21f-4022-f578-5c59-f12a20a98247"
		},
		{
			"id": "2323bfe9-35c8-00bc-c794-39cb8e226e82",
			"headers": "Authorization: Bearer 441f2c127e5ee1e24df1beae28ffaae881165b78\nx-pm-uid: c55f4695161791613e9d00b325c65c55416e489a\n",
			"url": "http://127.0.0.1/reset/d4da9e8a974665ad966250f84a25c3b4",
			"preRequestScript": "",
			"pathVariables": {},
			"method": "POST",
			"data": [],
			"dataMode": "raw",
			"version": 2,
			"tests": "",
			"currentHelper": "normal",
			"helperAttributes": {},
			"time": 1433665691350,
			"name": "Reset Password",
			"description": "",
			"collectionId": "ba21cce5-59aa-588b-32ab-b87b11bbc84b",
			"synced": false,
			"rawModeData": "{\n    \"NewPassword\": \"jason\"\n}"
		},
		{
			"id": "27a40d6f-2a9a-6dde-f51c-1841755de2a2",
			"headers": "Authorization: Bearer 441f2c127e5ee1e24df1beae28ffaae881165b78\nx-pm-uid: c55f4695161791613e9d00b325c65c55416e489a\n",
			"url": "http://127.0.0.1/labels/6",
			"preRequestScript": "",
			"pathVariables": {},
			"method": "PUT",
			"data": [],
			"dataMode": "raw",
			"version": 2,
			"tests": "",
			"currentHelper": "normal",
			"helperAttributes": {},
			"time": 1433655799649,
			"name": "Update Label",
			"description": "",
			"collectionId": "ba21cce5-59aa-588b-32ab-b87b11bbc84b",
			"synced": false,
			"rawModeData": "{\n    \"Name\": \"Updated!\",\n    \"Color\": \"#f66\",\n    \"Display\": 0\n}"
		},
		{
			"id": "2cf81764-a56e-3733-3d73-3cf7abb97118",
			"headers": "Authorization: Bearer 533e5919bba8279522a64cbd6d51e914fc732343\nx-pm-uid: 2014d26776e82e14db5814502d802137c3ff104f\n",
			"url": "http://127.0.0.1/contacts",
			"preRequestScript": "",
			"pathVariables": {},
			"method": "DELETE",
			"data": [],
			"dataMode": "raw",
			"version": 2,
			"tests": "",
			"currentHelper": "normal",
			"helperAttributes": {},
			"time": 1433628330227,
			"name": "Delete Contacts",
			"description": "",
			"collectionId": "ba21cce5-59aa-588b-32ab-b87b11bbc84b",
			"synced": false,
			"rawModeData": "{\n    \"IDs\": [ 10312622, 10312619]\n}"
		},
		{
			"id": "38d9d802-6c7f-93ff-6f6b-4ab19cb5e852",
			"headers": "Authorization: Bearer 441f2c127e5ee1e24df1beae28ffaae881165b78\nx-pm-uid: c55f4695161791613e9d00b325c65c55416e489a\n",
			"url": "http://127.0.0.1/messages/unstar",
			"preRequestScript": "",
			"pathVariables": {},
			"method": "PUT",
			"data": [],
			"dataMode": "raw",
			"version": 2,
			"tests": "",
			"currentHelper": "normal",
			"helperAttributes": {},
			"time": 1433647415337,
			"name": "Unstar Messages",
			"description": "",
			"collectionId": "ba21cce5-59aa-588b-32ab-b87b11bbc84b",
			"synced": false,
			"rawModeData": "{\n    \"IDs\": [ 10312706, 10312619 ]\n}"
		},
		{
			"id": "3b483008-e3bf-2348-1798-bd059ca3140a",
			"headers": "Authorization: Bearer 441f2c127e5ee1e24df1beae28ffaae881165b78\nx-pm-uid: c55f4695161791613e9d00b325c65c55416e489a\n",
			"url": "http://127.0.0.1/messages/10312706",
			"preRequestScript": "",
			"pathVariables": {},
			"method": "PUT",
			"data": [],
			"dataMode": "raw",
			"version": 2,
			"tests": "",
			"currentHelper": "normal",
			"helperAttributes": {},
			"time": 1433628096899,
			"name": "Update Draft",
			"description": "",
			"collectionId": "ba21cce5-59aa-588b-32ab-b87b11bbc84b",
			"synced": false,
			"rawModeData": "{\n    \"Subject\" : \"Hi2\",\n    \"Body\" : \"-----BEGIN PGP MESSAGE-----.*-----END PGP MESSAGE-----\",\n    \"ToList\" : [ { \"Name\" : \"Bart\", \"Address\" : \"bart.c.butler@gmail.com\" } ],\n    \"CCList\" : [],\n    \"BCCList\" : [],\n    \"AddressID\" : 254,\n    \"IsRead\" : 1\n}"
		},
		{
			"id": "3d610e25-42c9-ac42-22bb-3dbe8532f878",
			"headers": "Authorization: Bearer 441f2c127e5ee1e24df1beae28ffaae881165b78\nx-pm-uid: c55f4695161791613e9d00b325c65c55416e489a\n",
			"url": "http://127.0.0.1/messages/replyall/10312612",
			"preRequestScript": "",
			"pathVariables": {},
			"method": "POST",
			"data": [],
			"dataMode": "raw",
			"version": 2,
			"tests": "",
			"currentHelper": "normal",
			"helperAttributes": {},
			"time": 1433648186434,
			"name": "Reply All",
			"description": "",
			"collectionId": "ba21cce5-59aa-588b-32ab-b87b11bbc84b",
			"synced": false,
			"rawModeData": "{\n    \"Body\" : \"-----BEGIN PGP MESSAGE-----.*-----END PGP MESSAGE-----\"\n}"
		},
		{
			"id": "49441842-8c84-7f64-3ba0-81cc9e0f2827",
			"headers": "Authorization: Bearer 441f2c127e5ee1e24df1beae28ffaae881165b78\nx-pm-uid: c55f4695161791613e9d00b325c65c55416e489a\n",
			"url": "http://127.0.0.1/settings/signature",
			"preRequestScript": "",
			"pathVariables": {},
			"method": "PUT",
			"data": [],
			"dataMode": "raw",
			"version": 2,
			"tests": "",
			"currentHelper": "normal",
			"helperAttributes": {},
			"time": 1433663270079,
			"name": "Update Signature",
			"description": "",
			"collectionId": "ba21cce5-59aa-588b-32ab-b87b11bbc84b",
			"synced": false,
			"rawModeData": "{\n    \"Signature\" : \"This is my signature\"\n}"
		},
		{
			"id": "4a43ebb6-deaa-c622-bef7-13d5cbf4f8fb",
			"headers": "Authorization: Bearer 441f2c127e5ee1e24df1beae28ffaae881165b78\nx-pm-uid: c55f4695161791613e9d00b325c65c55416e489a\n",
			"url": "http://127.0.0.1/contacts/68850",
			"preRequestScript": "",
			"pathVariables": {},
			"method": "PUT",
			"data": [],
			"dataMode": "raw",
			"version": 2,
			"tests": "",
			"currentHelper": "normal",
			"helperAttributes": {},
			"time": 1433627866400,
			"name": "Update Contact",
			"description": "",
			"collectionId": "ba21cce5-59aa-588b-32ab-b87b11bbc84b",
			"synced": false,
			"rawModeData": "{\"Name\": \"a1a11a\", \"Email\": \"nimeshp273@protonmail.net\"}"
		},
		{
			"id": "5645d78a-0957-e710-ffaa-45d6175f4778",
			"headers": "Content-Type: application/json\nAccess-Control-Request-Headers: Api-Version\n",
			"url": "http://127.0.0.1/auth",
			"preRequestScript": "",
			"pathVariables": {},
			"method": "POST",
			"data": [],
			"dataMode": "raw",
			"version": 2,
			"tests": "",
			"currentHelper": "normal",
			"helperAttributes": {},
			"time": 1433529728554,
			"name": "Auth",
			"description": "",
			"collectionId": "ba21cce5-59aa-588b-32ab-b87b11bbc84b",
			"synced": false,
			"rawModeData": "{\n  \"ResponseType\": \"token\",\n  \"Username\": \"jason\",\n  \"Password\": \"jason\",\n  \"HashedPassword\": \"\",\n  \"ClientID\": \"demoapp\",\n  \"ClientSecret\": \"demopass\",\n  \"GrantType\": \"password\",\n  \"RedirectURI\": \"http://protonmail.ch\",\n  \"State\": \"random_string\"\n}"
		},
		{
			"id": "5720401a-bf24-0b1a-15c2-686adf885929",
			"headers": "Authorization: Bearer 441f2c127e5ee1e24df1beae28ffaae881165b78\nx-pm-uid: c55f4695161791613e9d00b325c65c55416e489a\n",
			"url": "http://127.0.0.1/messages/archive",
			"preRequestScript": "",
			"pathVariables": {},
			"method": "PUT",
			"data": [],
			"dataMode": "raw",
			"version": 2,
			"tests": "",
			"currentHelper": "normal",
			"helperAttributes": {},
			"time": 1433647478711,
			"name": "Move Messages To Archive",
			"description": "",
			"collectionId": "ba21cce5-59aa-588b-32ab-b87b11bbc84b",
			"synced": false,
			"rawModeData": "{\n    \"IDs\": [ 10312706, 10312619 ]\n}"
		},
		{
			"id": "59455996-9b03-85ef-1157-623b5c1f2a58",
			"headers": "Authorization: Bearer 441f2c127e5ee1e24df1beae28ffaae881165b78\nx-pm-uid: c55f4695161791613e9d00b325c65c55416e489a\n",
			"url": "http://127.0.0.1/settings/noticeemail",
			"preRequestScript": "",
			"pathVariables": {},
			"method": "PUT",
			"data": [],
			"dataMode": "raw",
			"version": 2,
			"tests": "",
			"currentHelper": "normal",
			"helperAttributes": {},
			"time": 1433663148689,
			"name": "Update Notification Email",
			"description": "",
			"collectionId": "ba21cce5-59aa-588b-32ab-b87b11bbc84b",
			"synced": false,
			"rawModeData": "{\n    \"NotificationEmail\" : \"bart.c.butler@gmail.com\"\n}"
		},
		{
			"id": "5c94798c-9ba0-c030-df70-d6ff590a3972",
			"headers": "Authorization: Bearer 441f2c127e5ee1e24df1beae28ffaae881165b78\nx-pm-uid: c55f4695161791613e9d00b325c65c55416e489a\n",
			"url": "http://127.0.0.1/attachments/upload",
			"preRequestScript": "",
			"pathVariables": {},
			"method": "POST",
			"data": [
				{
					"key": "DataPacket",
					"value": "autoprop.js",
					"type": "file",
					"enabled": true
				},
				{
					"key": "KeyPackets",
					"value": "autoprop.js",
					"type": "file",
					"enabled": true
				},
				{
					"key": "MessageID",
					"value": "10312713",
					"type": "text",
					"enabled": true
				},
				{
					"key": "Filename",
					"value": "fakedata.txt",
					"type": "text",
					"enabled": true
				},
				{
					"key": "MIMEType",
					"value": "fake/data",
					"type": "text",
					"enabled": true
				}
			],
			"dataMode": "params",
			"version": 2,
			"tests": "",
			"currentHelper": "normal",
			"helperAttributes": {},
			"time": 1433651414112,
			"name": "Upload Attachment",
			"description": " ",
			"collectionId": "ba21cce5-59aa-588b-32ab-b87b11bbc84b",
			"synced": false
		},
		{
			"id": "5cc3564f-c977-32e0-53ad-5055d98b91d3",
			"headers": "Authorization: Bearer 441f2c127e5ee1e24df1beae28ffaae881165b78\nx-pm-uid: c55f4695161791613e9d00b325c65c55416e489a\n",
			"url": "http://127.0.0.1/messages/send/10312709",
			"preRequestScript": "",
			"pathVariables": {},
			"method": "POST",
			"data": [],
			"dataMode": "raw",
			"version": 2,
			"tests": "",
			"currentHelper": "normal",
			"helperAttributes": {},
			"time": 1433639178080,
			"name": "Send Draft",
			"description": "",
			"collectionId": "ba21cce5-59aa-588b-32ab-b87b11bbc84b",
			"synced": false,
			"owner": "46420",
			"folder": "6499940f-5ebb-eb23-e7ac-bdbb0173a67a",
			"folderId": null,
			"isFromCollection": true,
			"collectionRequestId": "5cc3564f-c977-32e0-53ad-5055d98b91d3",
			"rawModeData": "{\n    \"Message\" : {\n        \"Subject\" : \"Hi\",\n        \"Body\" : \"-----BEGIN PGP MESSAGE-----.*-----END PGP MESSAGE-----\",\n        \"ToList\" : [ { \"Name\" : \"Bart\", \"Address\" : \"bart.c.butler@gmail.com\" } ],\n        \"CCList\" : [],\n        \"BCCList\" : [],\n        \"AddressID\" : 254\n    },\n    \"ClearBody\" : \"This is a test\",\n    \"AttachmentKeys\" : []\n}"
		},
		{
			"id": "66abf0c6-b552-9779-5de0-bfec193b2e27",
			"headers": "Authorization: Bearer 441f2c127e5ee1e24df1beae28ffaae881165b78\nx-pm-uid: c55f4695161791613e9d00b325c65c55416e489a\n",
			"url": "http://127.0.0.1/settings/password",
			"preRequestScript": "",
			"pathVariables": {},
			"method": "PUT",
			"data": [],
			"dataMode": "raw",
			"version": 2,
			"tests": "",
			"currentHelper": "normal",
			"helperAttributes": {},
			"time": 1433662844470,
			"name": "Update Keys",
			"description": "",
			"collectionId": "ba21cce5-59aa-588b-32ab-b87b11bbc84b",
			"synced": false,
			"rawModeData": "{\n    \"OldPassword\" : \"jason\",\n    \"OldHashedPassword\" : \"\",\n    \"NewPassword\" : \"jason\"\n}"
		},
		{
			"id": "66b60874-761a-dd7f-070f-5f62ca0d79d3",
			"headers": "Authorization: Bearer 441f2c127e5ee1e24df1beae28ffaae881165b78\nx-pm-uid: c55f4695161791613e9d00b325c65c55416e489a\n",
			"url": "http://127.0.0.1/settings/notify",
			"preRequestScript": "",
			"pathVariables": {},
			"method": "PUT",
			"data": [],
			"dataMode": "raw",
			"version": 2,
			"tests": "",
			"currentHelper": "normal",
			"helperAttributes": {},
			"time": 1433663648295,
			"name": "Update Notify",
			"description": "",
			"collectionId": "ba21cce5-59aa-588b-32ab-b87b11bbc84b",
			"synced": false,
			"rawModeData": "{\n    \"Notify\" : \"\"\n}"
		},
		{
			"id": "6794267e-1aa3-0ea1-5682-bbe29ee8eb60",
			"headers": "Authorization: Bearer 441f2c127e5ee1e24df1beae28ffaae881165b78\nx-pm-uid: c55f4695161791613e9d00b325c65c55416e489a\n",
			"url": "http://127.0.0.1/messages/inbox",
			"preRequestScript": "",
			"pathVariables": {},
			"method": "PUT",
			"data": [],
			"dataMode": "raw",
			"version": 2,
			"tests": "",
			"currentHelper": "normal",
			"helperAttributes": {},
			"time": 1433647461571,
			"name": "Move Messages To Inbox",
			"description": "",
			"collectionId": "ba21cce5-59aa-588b-32ab-b87b11bbc84b",
			"synced": false,
			"rawModeData": "{\n    \"IDs\": [ 10312706, 10312619 ]\n}"
		},
		{
			"id": "6d920852-1d61-27f8-04a5-27e5c3ad6d4f",
			"headers": "Authorization: Bearer 441f2c127e5ee1e24df1beae28ffaae881165b78\nx-pm-uid: c55f4695161791613e9d00b325c65c55416e489a\n",
			"url": "http://127.0.0.1/settings/display",
			"preRequestScript": "",
			"pathVariables": {},
			"method": "PUT",
			"data": [],
			"dataMode": "raw",
			"version": 2,
			"tests": "",
			"currentHelper": "normal",
			"helperAttributes": {},
			"time": 1433663363678,
			"name": "Update Display Name",
			"description": "",
			"collectionId": "ba21cce5-59aa-588b-32ab-b87b11bbc84b",
			"synced": false,
			"rawModeData": "{\n    \"DisplayName\" : \"Put Chinese Here\"\n}"
		},
		{
			"id": "72671e10-f3f6-b297-d03c-bc871a361d07",
			"headers": "Authorization: Bearer 441f2c127e5ee1e24df1beae28ffaae881165b78\nx-pm-uid: c55f4695161791613e9d00b325c65c55416e489a\n",
			"url": "http://127.0.0.1/contacts",
			"preRequestScript": "",
			"pathVariables": {},
			"method": "GET",
			"data": [],
			"dataMode": "params",
			"version": 2,
			"tests": "",
			"currentHelper": "normal",
			"helperAttributes": {},
			"time": 1433459787638,
			"name": "Get Contacts",
			"description": "",
			"collectionId": "ba21cce5-59aa-588b-32ab-b87b11bbc84b",
			"synced": false
		},
		{
			"id": "731f214b-efe6-01fc-0448-877c2075158c",
			"headers": "Authorization: Bearer 441f2c127e5ee1e24df1beae28ffaae881165b78\nx-pm-uid: c55f4695161791613e9d00b325c65c55416e489a\n",
			"url": "http://127.0.0.1/messages/reply/10312612",
			"preRequestScript": "",
			"pathVariables": {},
			"method": "POST",
			"data": [],
			"dataMode": "raw",
			"version": 2,
			"tests": "",
			"currentHelper": "normal",
			"helperAttributes": {},
			"time": 1433648181492,
			"name": "Reply",
			"description": "",
			"collectionId": "ba21cce5-59aa-588b-32ab-b87b11bbc84b",
			"synced": false,
			"rawModeData": "{\n    \"Body\" : \"-----BEGIN PGP MESSAGE-----.*-----END PGP MESSAGE-----\"\n}"
		},
		{
			"id": "74846be5-1a74-3387-1549-298be195b773",
			"headers": "Authorization: Bearer 441f2c127e5ee1e24df1beae28ffaae881165b78\nx-pm-uid: c55f4695161791613e9d00b325c65c55416e489a\n",
			"url": "http://127.0.0.1/labels/apply/6",
			"preRequestScript": "",
			"pathVariables": {},
			"method": "PUT",
			"data": [],
			"dataMode": "raw",
			"version": 2,
			"tests": "",
			"currentHelper": "normal",
			"helperAttributes": {},
			"time": 1433656122844,
			"name": "Apply Label",
			"description": "",
			"collectionId": "ba21cce5-59aa-588b-32ab-b87b11bbc84b",
			"synced": false,
			"rawModeData": "{\n    \"MessageIDs\" : [ 10312713, 10312715 ]\n}"
		},
		{
			"id": "75f2e037-8214-9a47-d84b-9cab4efbbcf4",
			"headers": "Authorization: Bearer 441f2c127e5ee1e24df1beae28ffaae881165b78\nx-pm-uid: c55f4695161791613e9d00b325c65c55416e489a\n",
			"url": "http://127.0.0.1/messages/read",
			"preRequestScript": "",
			"pathVariables": {},
			"method": "PUT",
			"data": [],
			"dataMode": "raw",
			"version": 2,
			"tests": "",
			"currentHelper": "normal",
			"helperAttributes": {},
			"time": 1433647423610,
			"name": "Mark Messages Read",
			"description": "",
			"collectionId": "ba21cce5-59aa-588b-32ab-b87b11bbc84b",
			"synced": false,
			"rawModeData": "{\n    \"IDs\": [ 10312706, 10312619 ]\n}"
		},
		{
			"id": "7bba0bda-d5b6-9b76-4b7f-55578a271e3c",
			"headers": "Authorization: Bearer 441f2c127e5ee1e24df1beae28ffaae881165b78\nx-pm-uid: c55f4695161791613e9d00b325c65c55416e489a\n",
			"url": "http://127.0.0.1/messages/unread",
			"preRequestScript": "",
			"pathVariables": {},
			"method": "PUT",
			"data": [],
			"dataMode": "raw",
			"version": 2,
			"tests": "",
			"currentHelper": "normal",
			"helperAttributes": {},
			"time": 1433647442244,
			"name": "Mark Messages Unread",
			"description": "",
			"collectionId": "ba21cce5-59aa-588b-32ab-b87b11bbc84b",
			"synced": false,
			"rawModeData": "{\n    \"IDs\": [ 10312706, 10312619 ]\n}"
		},
		{
			"id": "7d475b8e-35bc-99c3-66de-b6fd9d8b71b0",
			"headers": "Authorization: Bearer 441f2c127e5ee1e24df1beae28ffaae881165b78\nx-pm-uid: c55f4695161791613e9d00b325c65c55416e489a\n",
			"url": "http://127.0.0.1/messages/10312713",
			"preRequestScript": "",
			"pathVariables": {},
			"method": "GET",
			"data": [],
			"dataMode": "params",
			"version": 2,
			"tests": "",
			"currentHelper": "normal",
			"helperAttributes": {},
			"time": 1433655972671,
			"name": "Get Messsage",
			"description": "Fetch a specific user. Can be used with user_id or username (i.e., /users/2/ or /users/atester/, for example)",
			"collectionId": "ba21cce5-59aa-588b-32ab-b87b11bbc84b",
			"synced": false
		},
		{
			"id": "7fb56b09-9700-ff72-1886-73dbb0d9731d",
			"headers": "Authorization: Bearer 441f2c127e5ee1e24df1beae28ffaae881165b78\nx-pm-uid: c55f4695161791613e9d00b325c65c55416e489a\n",
			"url": "http://127.0.0.1/labels",
			"preRequestScript": "",
			"pathVariables": {},
			"method": "POST",
			"data": [],
			"dataMode": "raw",
			"version": 2,
			"tests": "",
			"currentHelper": "normal",
			"helperAttributes": {},
			"time": 1433655842824,
			"name": "Create Label",
			"description": "",
			"collectionId": "ba21cce5-59aa-588b-32ab-b87b11bbc84b",
			"synced": false,
			"rawModeData": "{\n    \"Name\": \"Testing\",\n    \"Color\": \"#f66\",\n    \"Display\": 1\n}"
		},
		{
			"id": "8919e7a6-130b-7075-5583-af3a3e723131",
			"headers": "",
			"url": "http://127.0.0.1/users",
			"preRequestScript": "",
			"pathVariables": {},
			"method": "POST",
			"data": [],
			"dataMode": "raw",
			"version": 2,
			"tests": "",
			"currentHelper": "normal",
			"helperAttributes": {},
			"time": 1433660893867,
			"name": "Create User",
			"description": "",
			"collectionId": "ba21cce5-59aa-588b-32ab-b87b11bbc84b",
			"synced": false,
			"rawModeData": "{\n    \"Username\": \"apitester3\",\n    \"Password\": \"cheese\",\n    \"PublicKey\": \"-----BEGIN PGP PUBLIC KEY BLOCK-----.*-----END PGP PUBLIC KEY BLOCK-----\",\n    \"PrivateKey\": \"-----BEGIN PGP PRIVATE KEY BLOCK-----.*-----END PGP PRIVATE KEY BLOCK-----\",\n    \"ResponseType\": \"token\",\n    \"ClientID\": \"demoapp\",\n    \"ClientSecret\": \"demopass\",\n    \"GrantType\": \"password\",\n    \"RedirectURI\": \"http://protonmail.ch\",\n    \"State\": \"random_string\"\n}"
		},
		{
			"id": "89b5b89b-da7c-fc11-3169-3677feba5ee7",
			"headers": "",
			"url": "http://127.0.0.1/users/available/jason",
			"preRequestScript": "",
			"pathVariables": {},
			"method": "GET",
			"data": [],
			"dataMode": "params",
			"version": 2,
			"tests": "",
			"currentHelper": "normal",
			"helperAttributes": {},
			"time": 1433661337749,
			"name": "Check Username Availability",
			"description": "",
			"collectionId": "ba21cce5-59aa-588b-32ab-b87b11bbc84b",
			"synced": false
		},
		{
			"id": "8bb59b6e-03b3-b3ad-835a-3e1aef4f7f07",
			"headers": "Authorization: Bearer 441f2c127e5ee1e24df1beae28ffaae881165b78\nx-pm-uid: c55f4695161791613e9d00b325c65c55416e489a\n",
			"url": "http://127.0.0.1/messages/spam",
			"preRequestScript": "",
			"pathVariables": {},
			"method": "PUT",
			"data": [],
			"dataMode": "raw",
			"version": 2,
			"tests": "",
			"currentHelper": "normal",
			"helperAttributes": {},
			"time": 1433647471175,
			"name": "Move Messages To Spam",
			"description": "",
			"collectionId": "ba21cce5-59aa-588b-32ab-b87b11bbc84b",
			"synced": false,
			"rawModeData": "{\n    \"IDs\": [ 10312706, 10312619 ]\n}"
		},
		{
			"id": "9669581c-ad69-515b-06cf-9d5493f7496a",
			"headers": "Authorization: Bearer 441f2c127e5ee1e24df1beae28ffaae881165b78\nx-pm-uid: c55f4695161791613e9d00b325c65c55416e489a\n",
			"url": "http://127.0.0.1/settings/autosave",
			"preRequestScript": "",
			"pathVariables": {},
			"method": "PUT",
			"data": [],
			"dataMode": "raw",
			"version": 2,
			"tests": "",
			"currentHelper": "normal",
			"helperAttributes": {},
			"time": 1433663750419,
			"name": "Update Auto Save Contacts",
			"description": "",
			"collectionId": "ba21cce5-59aa-588b-32ab-b87b11bbc84b",
			"synced": false,
			"rawModeData": "{\n    \"AutoSaveContacts\" : 1\n}"
		},
		{
			"id": "9b84b0a7-6ba3-2f04-0a87-7b434c52cb70",
			"headers": "Authorization: Bearer a06599c9d5369b856073c9330776ff3f2b940710\nx-pm-uid: 131fa4ae691941bd352adaf67154e7b1be089165\n",
			"url": "http://127.0.0.1/auth/revoke",
			"preRequestScript": "",
			"pathVariables": {},
			"method": "POST",
			"data": [],
			"dataMode": "raw",
			"version": 2,
			"tests": "",
			"currentHelper": "normal",
			"helperAttributes": {},
			"time": 1433628595265,
			"name": "Revoke Token",
			"description": " ",
			"collectionId": "ba21cce5-59aa-588b-32ab-b87b11bbc84b",
			"synced": false,
			"rawModeData": ""
		},
		{
			"id": "a4404419-45ee-3300-fd3d-8c3d35e1d343",
			"headers": "Authorization: Bearer 441f2c127e5ee1e24df1beae28ffaae881165b78\nx-pm-uid: c55f4695161791613e9d00b325c65c55416e489a\n",
			"url": "http://127.0.0.1/messages/star",
			"preRequestScript": "",
			"pathVariables": {},
			"method": "PUT",
			"data": [],
			"dataMode": "raw",
			"version": 2,
			"tests": "",
			"currentHelper": "normal",
			"helperAttributes": {},
			"time": 1433647401783,
			"name": "Star Messages",
			"description": "",
			"collectionId": "ba21cce5-59aa-588b-32ab-b87b11bbc84b",
			"synced": false,
			"rawModeData": "{\n    \"IDs\": [ 10312706, 10312619 ]\n}"
		},
		{
			"id": "b1f99de1-6ae0-cae5-8191-8783d1c3b5ab",
			"headers": "Authorization: Bearer 441f2c127e5ee1e24df1beae28ffaae881165b78\nx-pm-uid: c55f4695161791613e9d00b325c65c55416e489a\n",
			"url": "http://127.0.0.1/messages?Location=0&Page=0&Sort=Time&Desc=1&Unread=1",
			"preRequestScript": "",
			"pathVariables": {},
			"method": "GET",
			"data": [],
			"dataMode": "params",
			"version": 2,
			"tests": "",
			"currentHelper": "normal",
			"helperAttributes": {},
			"time": 1433433451770,
			"name": "Get Messages",
			"description": "",
			"collectionId": "ba21cce5-59aa-588b-32ab-b87b11bbc84b",
			"write": true,
			"owner": "46420",
			"folder": "6499940f-5ebb-eb23-e7ac-bdbb0173a67a",
			"folderId": null,
			"synced": false,
			"isFromCollection": true,
			"collectionRequestId": "b1f99de1-6ae0-cae5-8191-8783d1c3b5ab"
		},
		{
			"id": "b3240806-47dd-512b-b63f-9f6693f749fc",
			"headers": "Authorization: Bearer 441f2c127e5ee1e24df1beae28ffaae881165b78\nx-pm-uid: c55f4695161791613e9d00b325c65c55416e489a\n",
			"url": "http://127.0.0.1/messages/trash",
			"preRequestScript": "",
			"pathVariables": {},
			"method": "PUT",
			"data": [],
			"dataMode": "raw",
			"version": 2,
			"tests": "",
			"currentHelper": "normal",
			"helperAttributes": {},
			"time": 1433647446790,
			"name": "Move Messages To Trash",
			"description": "",
			"collectionId": "ba21cce5-59aa-588b-32ab-b87b11bbc84b",
			"synced": false,
			"rawModeData": "{\n    \"IDs\": [ 10312706, 10312619 ]\n}"
		},
		{
			"id": "b403674f-2f78-51fc-2f57-37f0b626b7b7",
			"headers": "Authorization: Bearer 441f2c127e5ee1e24df1beae28ffaae881165b78\nx-pm-uid: c55f4695161791613e9d00b325c65c55416e489a\n",
			"url": "http://127.0.0.1/messages/draft",
			"preRequestScript": "",
			"pathVariables": {},
			"method": "POST",
			"data": [],
			"dataMode": "raw",
			"version": 2,
			"tests": "",
			"currentHelper": "normal",
			"helperAttributes": {},
			"time": 1433625603768,
			"name": "Create Draft",
			"description": "",
			"collectionId": "ba21cce5-59aa-588b-32ab-b87b11bbc84b",
			"synced": false,
			"rawModeData": "{\n    \"Subject\" : \"Hi\",\n    \"Body\" : \"-----BEGIN PGP MESSAGE-----.*-----END PGP MESSAGE-----\",\n    \"ToList\" : [ { \"Name\" : \"Bart\", \"Address\" : \"bart.c.butler@gmail.com\" } ],\n    \"CCList\" : [],\n    \"BCCList\" : [],\n    \"AddressID\" : 254,\n    \"IsRead\" : 1\n}"
		},
		{
			"id": "b834a2b3-0d97-4da5-7ea3-116680ab1043",
			"headers": "Authorization: Bearer 441f2c127e5ee1e24df1beae28ffaae881165b78\nx-pm-uid: c55f4695161791613e9d00b325c65c55416e489a\n",
			"url": "http://127.0.0.1/messages/forward/10312612",
			"preRequestScript": "",
			"pathVariables": {},
			"method": "POST",
			"data": [],
			"dataMode": "raw",
			"version": 2,
			"tests": "",
			"currentHelper": "normal",
			"helperAttributes": {},
			"time": 1433648191837,
			"name": "Forward",
			"description": "",
			"collectionId": "ba21cce5-59aa-588b-32ab-b87b11bbc84b",
			"synced": false,
			"rawModeData": "{\n    \"Body\" : \"-----BEGIN PGP MESSAGE-----.*-----END PGP MESSAGE-----\"\n}"
		},
		{
			"id": "bb26eec7-36fe-56d5-9ca7-11a5ddff226c",
			"headers": "Authorization: Bearer 441f2c127e5ee1e24df1beae28ffaae881165b78\nx-pm-uid: c55f4695161791613e9d00b325c65c55416e489a\n",
			"url": "http://127.0.0.1/labels",
			"preRequestScript": "",
			"pathVariables": {},
			"method": "GET",
			"data": [],
			"dataMode": "params",
			"version": 2,
			"tests": "",
			"currentHelper": "normal",
			"helperAttributes": {},
			"time": 1433358658591,
			"name": "Get Labels",
			"description": "",
			"collectionId": "ba21cce5-59aa-588b-32ab-b87b11bbc84b",
			"synced": false
		},
		{
			"id": "bcf8328b-edb7-3c89-ba44-b1df9b1031cf",
			"headers": "Authorization: Bearer 441f2c127e5ee1e24df1beae28ffaae881165b78\nx-pm-uid: c55f4695161791613e9d00b325c65c55416e489a\n",
			"url": "http://127.0.0.1/labels/6",
			"preRequestScript": "",
			"pathVariables": {},
			"method": "DELETE",
			"data": [],
			"dataMode": "raw",
			"version": 2,
			"tests": "",
			"currentHelper": "normal",
			"helperAttributes": {},
			"time": 1433656182161,
			"name": "Delete Label",
			"description": "",
			"collectionId": "ba21cce5-59aa-588b-32ab-b87b11bbc84b",
			"synced": false,
			"rawModeData": ""
		},
		{
			"id": "c471d381-21a6-04df-bae1-379c8a37af58",
			"headers": "Authorization: Bearer 441f2c127e5ee1e24df1beae28ffaae881165b78\nx-pm-uid: c55f4695161791613e9d00b325c65c55416e489a\n",
			"url": "http://127.0.0.1/attachments/120728",
			"preRequestScript": "",
			"pathVariables": {},
			"method": "GET",
			"data": [],
			"dataMode": "params",
			"version": 2,
			"tests": "",
			"currentHelper": "normal",
			"helperAttributes": {},
			"time": 1433650504811,
			"name": "Get Attachment",
			"description": " ",
			"collectionId": "ba21cce5-59aa-588b-32ab-b87b11bbc84b",
			"synced": false
		},
		{
			"id": "c676aedf-546b-b816-34ad-22fbb8584f6f",
			"headers": "Authorization: Bearer 441f2c127e5ee1e24df1beae28ffaae881165b78\nx-pm-uid: c55f4695161791613e9d00b325c65c55416e489a\n",
			"url": "http://127.0.0.1/labels/remove/6",
			"preRequestScript": "",
			"pathVariables": {},
			"method": "PUT",
			"data": [],
			"dataMode": "raw",
			"version": 2,
			"tests": "",
			"currentHelper": "normal",
			"helperAttributes": {},
			"time": 1433656136691,
			"name": "Remove Label",
			"description": "",
			"collectionId": "ba21cce5-59aa-588b-32ab-b87b11bbc84b",
			"synced": false,
			"rawModeData": "{\n    \"MessageIDs\" : [ 10312713, 10312715 ]\n}"
		},
		{
			"id": "ceaa8f1f-322d-04b6-d802-5e275a2fb419",
			"headers": "Authorization: Bearer 441f2c127e5ee1e24df1beae28ffaae881165b78\nx-pm-uid: c55f4695161791613e9d00b325c65c55416e489a\n",
			"url": "http://127.0.0.1/messages/",
			"preRequestScript": "",
			"pathVariables": {},
			"method": "DELETE",
			"data": [],
			"dataMode": "raw",
			"version": 2,
			"tests": "",
			"currentHelper": "normal",
			"helperAttributes": {},
			"time": 1433433831357,
			"name": "Delete Messages",
			"description": "",
			"collectionId": "ba21cce5-59aa-588b-32ab-b87b11bbc84b",
			"synced": false,
			"rawModeData": "{\n    \"IDs\": [ 10312622, 10312619]\n}"
		},
		{
			"id": "d7378d29-18d3-8380-87d4-79451f048d15",
			"headers": "Authorization: Bearer 441f2c127e5ee1e24df1beae28ffaae881165b78\nx-pm-uid: c55f4695161791613e9d00b325c65c55416e489a\n",
			"url": "http://127.0.0.1/settings/addressorder",
			"preRequestScript": "",
			"pathVariables": {},
			"method": "PUT",
			"data": [],
			"dataMode": "raw",
			"version": 2,
			"tests": "",
			"currentHelper": "normal",
			"helperAttributes": {},
			"time": 1433663511507,
			"name": "Update Address Order",
			"description": "",
			"collectionId": "ba21cce5-59aa-588b-32ab-b87b11bbc84b",
			"synced": false,
			"rawModeData": "{\n    \"Order\" : [3,2,1]\n}"
		},
		{
			"id": "e7c3f230-7062-58bd-ee21-7097ec65505f",
			"headers": "Authorization: Bearer 441f2c127e5ee1e24df1beae28ffaae881165b78\nx-pm-uid: c55f4695161791613e9d00b325c65c55416e489a\n",
			"url": "http://127.0.0.1/reset",
			"preRequestScript": "",
			"pathVariables": {},
			"method": "POST",
			"data": [],
			"dataMode": "raw",
			"version": 2,
			"tests": "",
			"currentHelper": "normal",
			"helperAttributes": {},
			"time": 1433665380729,
			"name": "Lost Password",
			"description": "",
			"collectionId": "ba21cce5-59aa-588b-32ab-b87b11bbc84b",
			"synced": false,
			"rawModeData": "{\n    \"Name\" : \"jason\",\n    \"NotificationEmail\" : \"bart.c.butler@gmail.com\"\n}"
		},
		{
			"id": "ed20e38a-c288-0509-d563-c3ecf21ce5ee",
			"headers": "Authorization: Bearer 441f2c127e5ee1e24df1beae28ffaae881165b78\nx-pm-uid: c55f4695161791613e9d00b325c65c55416e489a\n",
			"url": "http://127.0.0.1/settings/theme",
			"preRequestScript": "",
			"pathVariables": {},
			"method": "PUT",
			"data": [],
			"dataMode": "raw",
			"version": 2,
			"tests": "",
			"currentHelper": "normal",
			"helperAttributes": {},
			"time": 1433663586513,
			"name": "Update Theme",
			"description": "",
			"collectionId": "ba21cce5-59aa-588b-32ab-b87b11bbc84b",
			"synced": false,
			"rawModeData": "{\n    \"Theme\" : \"\"\n}"
		},
		{
			"id": "f313ccd5-8465-b9c0-74ec-f8827406c2f2",
			"headers": "Authorization: Bearer 441f2c127e5ee1e24df1beae28ffaae881165b78\nx-pm-uid: c55f4695161791613e9d00b325c65c55416e489a\n",
			"url": "http://127.0.0.1/users",
			"preRequestScript": "",
			"pathVariables": {},
			"method": "GET",
			"data": [],
			"dataMode": "params",
			"version": 2,
			"tests": "",
			"currentHelper": "normal",
			"helperAttributes": {},
			"time": 1433660255151,
			"name": "Get User Info",
			"description": "",
			"collectionId": "ba21cce5-59aa-588b-32ab-b87b11bbc84b",
			"synced": false,
			"folder": "e9062b12-90cb-35ed-522c-65b5d37e3119",
			"owner": "46420",
			"isFromCollection": true,
			"collectionRequestId": "f313ccd5-8465-b9c0-74ec-f8827406c2f2"
		},
		{
			"id": "f37b50a7-94be-f3d4-e603-ea5ea7ab0df4",
			"headers": "Authorization: Bearer 441f2c127e5ee1e24df1beae28ffaae881165b78\nx-pm-uid: c55f4695161791613e9d00b325c65c55416e489a\n",
			"url": "http://127.0.0.1/attachments/delete",
			"preRequestScript": "",
			"pathVariables": {},
			"method": "DELETE",
			"data": [],
			"dataMode": "raw",
			"version": 2,
			"tests": "",
			"currentHelper": "normal",
			"helperAttributes": {},
			"time": 1433652453420,
			"name": "Delete Attachment",
			"description": " ",
			"collectionId": "ba21cce5-59aa-588b-32ab-b87b11bbc84b",
			"synced": false,
			"rawModeData": "{\n    \"MessageID\" : 10312713,\n    \"AttachmentID\" : 120787\n}"
		},
		{
			"id": "f7f6364d-3350-b074-1642-ee35fb49b813",
			"headers": "Authorization: Bearer 441f2c127e5ee1e24df1beae28ffaae881165b78\nx-pm-uid: c55f4695161791613e9d00b325c65c55416e489a\n",
			"url": "http://127.0.0.1/contacts",
			"preRequestScript": "",
			"pathVariables": {},
			"method": "POST",
			"data": [],
			"dataMode": "raw",
			"version": 2,
			"tests": "",
			"currentHelper": "normal",
			"helperAttributes": {},
			"time": 1433627828377,
			"name": "Add Contacts",
			"description": "",
			"collectionId": "ba21cce5-59aa-588b-32ab-b87b11bbc84b",
			"synced": false,
			"rawModeData": "{\n    \"Contacts\" : [\n        {\"Name\":\"test1\",\"Email\":\"mctester@tester.com\"}\n    ]\n}"
		},
		{
			"id": "fc97dfa9-961b-1f22-d5e8-6240f2599345",
			"headers": "Authorization: Bearer 441f2c127e5ee1e24df1beae28ffaae881165b78\nx-pm-uid: c55f4695161791613e9d00b325c65c55416e489a\n",
			"url": "http://127.0.0.1/messages/send",
			"preRequestScript": "",
			"pathVariables": {},
			"method": "POST",
			"data": [],
			"dataMode": "raw",
			"version": 2,
			"tests": "",
			"currentHelper": "normal",
			"helperAttributes": {},
			"time": 1433574805796,
			"name": "Send New Message",
			"description": "",
			"collectionId": "ba21cce5-59aa-588b-32ab-b87b11bbc84b",
			"synced": false,
			"rawModeData": "{\n    \"Message\" : {\n        \"Subject\" : \"Hi\",\n        \"Body\" : \"-----BEGIN PGP MESSAGE-----.*-----END PGP MESSAGE-----\",\n        \"ToList\" : [ { \"Name\" : \"Bart\", \"Address\" : \"bart.c.butler@gmail.com\" } ],\n        \"CCList\" : [],\n        \"BCCList\" : [],\n        \"AddressID\" : 254\n    },\n    \"ClearBody\" : \"This is a test\",\n    \"AttachmentKeys\" : []\n}"
		}
	]
}
