[
  {
    "key": "ca",
    "lang": "ca_ES"
  },
  {
    "key": "cs",
    "lang": "cs_CZ"
  },
  {
    "key": "de",
    "lang": "de_DE"
  },
  {
    "key": "en",
    "lang": "en_US"
  },
  {
    "key": "es",
    "lang": "es_ES"
  },
  {
    "key": "fr",
    "lang": "fr_FR"
  },
  {
    "key": "hr",
    "lang": "hr_HR"
  },
  {
    "key": "id",
    "lang": "id_ID"
  },
  {
    "key": "it",
    "lang": "it_IT"
  },
  {
    "key": "ja",
    "lang": "ja_JP"
  },
  {
    "key": "nl",
    "lang": "nl_NL"
  },
  {
    "key": "pl",
    "lang": "pl_PL"
  },
  {
    "key": "pt-PT",
    "lang": "pt_PT"
  },
  {
    "key": "pt",
    "lang": "pt_BR"
  },
  {
    "key": "ro",
    "lang": "ro_RO"
  },
  {
    "key": "ru",
    "lang": "ru_RU"
  },
  {
    "key": "tr",
    "lang": "tr_TR"
  },
  {
    "key": "ua",
    "lang": "uk_UA"
  },
  {
    "key": "zh-CN",
    "lang": "zh_CN"
  },
  {
    "key": "zh-TW",
    "lang": "zh_TW"
  }
]