"First Name","Last Name","Display Name","Nickname","Primary Email","Secondary Email","Screen Name","Work Phone","Home Phone","Fax Number","Pager Number","Mobile Number","Home Address","Home Address 2","Home City","Home State","Home ZipCode","Home Country","Work Address","Work Address 2","Work City","Work State","Work ZipCode","Work Country","Job Title","Department","Organization","Web Page 1","Web Page 2","Birth Year","Birth Month","Birth Day","Custom 1","Custom 2","Custom 3","Custom 4","Notes","","FIELD 39","FIELD 40","FIELD 41","FIELD 42","FIELD 43"
"A1","Test",,,,,,,"",,,,"",,,,,,,,,,,,"","",,,,,,"0/0/00",,,,,"
"
"Test1","Test2",,,,,,,"43298423984",,,,"",,,,,,,,,,,,"","",,,,,,"0/0/00",,,,,"
"
"qaengineer@protonmail.","com",,,,,,,,,,,"",,,,,,,,,,,,,,,,,,,"0/0/00"
